iter,window,payload_mb,c_i,sleep_us,comm_dur_s,bw_gbps,phase
0,0,1024,1.2,30000,0.810794,5.2972,phase1
1,0,1024,1.2,30000,0.650464,6.6029,phase1
2,0,1024,1.2,30000,0.659398,6.5135,phase1
3,0,1024,1.2,30000,0.651648,6.5909,phase1
4,0,1024,1.2,30000,0.654852,6.5587,phase1
5,0,1024,1.2,30000,0.675731,6.356,phase1
6,0,1024,1.2,30000,0.656689,6.5403,phase1
7,0,1024,1.2,30000,0.644522,6.6638,phase1
8,0,1024,1.2,30000,0.625152,6.8703,phase1
9,0,1024,1.2,30000,0.657632,6.531,phase1
10,0,1024,1.2,30000,0.648943,6.6184,phase1
11,0,1024,1.2,30000,0.660225,6.5053,phase1
12,0,1024,1.2,30000,0.610704,7.0328,phase1
13,0,1024,1.2,30000,0.646572,6.6427,phase1
14,0,1024,1.2,30000,0.638657,6.725,phase1
15,0,1024,1.2,30000,0.696529,6.1662,phase1
16,0,1024,1.2,30000,0.595924,7.2072,phase1
17,0,1024,1.2,30000,0.644907,6.6598,phase1
18,0,1024,1.2,30000,0.679113,6.3244,phase1
19,0,1024,1.2,30000,0.634036,6.774,phase1
20,1,1024,1.2,30000,0.662882,6.4792,phase1
21,1,1024,1.2,30000,0.636987,6.7426,phase1
22,1,1024,1.2,30000,0.679171,6.3238,phase1
23,1,1024,1.2,30000,0.67557,6.3575,phase1
24,1,1024,1.2,30000,0.69601,6.1708,phase1
25,1,1024,1.2,30000,0.682287,6.295,phase1
26,1,1024,1.2,30000,0.675255,6.3605,phase1
27,1,1024,1.2,30000,0.666596,6.4431,phase1
28,1,1024,1.2,30000,0.649996,6.6077,phase1
29,1,1024,1.2,30000,0.684848,6.2714,phase1
30,1,1024,1.2,30000,0.721465,5.9531,phase1
31,1,1024,1.2,30000,0.679901,6.317,phase1
32,1,1024,1.2,30000,0.663565,6.4726,phase1
33,1,1024,1.2,30000,0.622249,6.9023,phase1
34,1,1024,1.2,30000,0.658378,6.5236,phase1
35,1,1024,1.2,30000,0.651353,6.5939,phase1
36,1,1024,1.2,30000,0.675838,6.355,phase1
37,1,1024,1.2,30000,0.631076,6.8058,phase1
38,1,1024,1.2,30000,0.647945,6.6286,phase1
39,1,1024,1.2,30000,0.657946,6.5278,phase1
40,2,1024,1.2,30000,0.723027,5.9403,phase1
41,2,1024,1.2,30000,0.659839,6.5091,phase1
42,2,1024,1.2,30000,0.638549,6.7261,phase1
43,2,1024,1.2,30000,0.684427,6.2753,phase1
44,2,1024,1.2,30000,0.6537,6.5702,phase1
45,2,1024,1.2,30000,0.711506,6.0364,phase1
46,2,1024,1.2,30000,0.708848,6.0591,phase1
47,2,1024,1.2,30000,0.720652,5.9598,phase1
48,2,1024,1.2,30000,0.721256,5.9548,phase1
49,2,1024,1.2,30000,0.728919,5.8922,phase1
50,2,1024,1.2,30000,0.712804,6.0255,phase1
51,2,1024,1.2,30000,0.707721,6.0687,phase1
52,2,1024,1.2,30000,0.724422,5.9288,phase1
53,2,1024,1.2,30000,0.716671,5.9929,phase1
54,2,1024,1.2,30000,0.720531,5.9608,phase1
55,2,1024,1.2,30000,0.695393,6.1763,phase1
56,2,1024,1.2,30000,0.712157,6.0309,phase1
57,2,1024,1.2,30000,0.702962,6.1098,phase1
58,2,1024,1.2,30000,0.712368,6.0291,phase1
59,2,1024,1.2,30000,0.683186,6.2867,phase1
60,3,1024,1.2,30000,0.746015,5.7572,phase1
61,3,1024,1.2,30000,0.721274,5.9547,phase1
62,3,1024,1.2,30000,0.73844,5.8163,phase1
63,3,1024,1.2,30000,0.711659,6.0351,phase1
64,3,1024,1.2,30000,0.721247,5.9549,phase1
65,3,1024,1.2,30000,0.739737,5.8061,phase1
66,3,1024,1.2,30000,0.71644,5.9949,phase1
67,3,1024,1.2,30000,0.716453,5.9948,phase1
68,3,1024,1.2,30000,0.707386,6.0716,phase1
69,3,1024,1.2,30000,0.707916,6.0671,phase1
70,3,1024,1.2,30000,0.729603,5.8867,phase1
71,3,1024,1.2,30000,0.762698,5.6313,phase1
72,3,1024,1.2,30000,0.720457,5.9615,phase1
73,3,1024,1.2,30000,0.708772,6.0597,phase1
74,3,1024,1.2,30000,0.717877,5.9829,phase1
75,3,1024,1.2,30000,0.700061,6.1351,phase1
76,3,1024,1.2,30000,0.746903,5.7504,phase1
77,3,1024,1.2,30000,0.712181,6.0307,phase1
78,3,1024,1.2,30000,0.696013,6.1708,phase1
79,3,1024,1.2,30000,0.72984,5.8848,phase1
80,4,1024,1.2,30000,0.709565,6.053,phase1
81,4,1024,1.2,30000,0.708204,6.0646,phase1
82,4,1024,1.2,30000,0.712233,6.0303,phase1
83,4,1024,1.2,30000,0.725604,5.9192,phase1
84,4,1024,1.2,30000,0.729962,5.8838,phase1
85,4,1024,1.2,30000,0.707935,6.0669,phase1
86,4,1024,1.2,30000,0.699393,6.141,phase1
87,4,1024,1.2,30000,0.720705,5.9594,phase1
88,4,1024,1.2,30000,0.737743,5.8218,phase1
89,4,1024,1.2,30000,0.738563,5.8153,phase1
90,4,1024,1.2,30000,0.705005,6.0921,phase1
91,4,1024,1.2,30000,0.716681,5.9929,phase1
92,4,1024,1.2,30000,0.72102,5.9568,phase1
93,4,1024,1.2,30000,0.720369,5.9622,phase1
94,4,1024,1.2,30000,0.716748,5.9923,phase1
95,4,1024,1.2,30000,0.733172,5.8581,phase1
96,4,1024,1.2,30000,0.694932,6.1804,phase1
97,4,1024,1.2,30000,0.709318,6.0551,phase1
98,4,1024,1.2,30000,0.713451,6.02,phase1
99,4,1024,1.2,30000,0.724818,5.9256,phase1
100,5,1024,1.2,30000,0.733542,5.8551,phase1
101,5,1024,1.2,30000,0.7031,6.1086,phase1
102,5,1024,1.2,30000,0.72973,5.8857,phase1
103,5,1024,1.2,30000,0.811351,5.2936,phase1
104,5,1024,1.2,30000,1.192829,3.6007,phase1
105,5,1024,1.2,30000,1.193004,3.6001,phase1
106,5,1024,1.2,30000,1.245396,3.4487,phase1
107,5,1024,1.2,30000,1.252021,3.4304,phase1
108,5,1024,1.2,30000,1.253796,3.4256,phase1
109,5,1024,1.2,30000,1.293033,3.3216,phase1
110,5,1024,1.2,30000,1.188199,3.6147,phase1
111,5,1024,1.2,30000,1.218933,3.5235,phase1
112,5,1024,1.2,30000,1.210836,3.5471,phase1
113,5,1024,1.2,30000,1.183483,3.6291,phase1
114,5,1024,1.2,30000,1.20944,3.5512,phase1
115,5,1024,1.2,30000,1.233205,3.4828,phase1
116,5,1024,1.2,30000,1.20959,3.5508,phase1
117,5,1024,1.2,30000,1.231167,3.4885,phase1
118,5,1024,1.2,30000,1.244262,3.4518,phase1
119,5,1024,1.2,30000,1.24523,3.4491,phase1
120,6,1024,1.2,30000,1.209845,3.55,phase1
121,6,1024,1.2,30000,1.219628,3.5215,phase1
122,6,1024,1.2,30000,1.227703,3.4984,phase1
123,6,1024,1.2,30000,1.203458,3.5689,phase1
124,6,1024,1.2,30000,1.401042,3.0656,phase1
125,6,1024,1.2,30000,1.275833,3.3664,phase1
126,6,1024,1.2,30000,1.318493,3.2575,phase1
127,6,1024,1.2,30000,1.271062,3.379,phase1
128,6,1024,1.2,30000,1.210577,3.5479,phase1
129,6,1024,1.2,30000,1.242237,3.4574,phase1
130,6,1024,1.2,30000,1.210341,3.5486,phase1
131,6,1024,1.2,30000,1.209596,3.5507,phase1
132,6,1024,1.2,30000,1.201841,3.5737,phase1
133,6,1024,1.2,30000,1.262728,3.4013,phase1
134,6,1024,1.2,30000,1.206826,3.5589,phase1
135,6,1024,1.2,30000,1.174562,3.6567,phase1
136,6,1024,1.2,30000,1.232422,3.485,phase1
137,6,1024,1.2,30000,1.193554,3.5985,phase1
138,6,1024,1.2,30000,1.339746,3.2058,phase1
139,6,1024,1.2,30000,1.202327,3.5722,phase1
140,7,1024,3.0,30000,1.228728,3.4955,phase2
141,7,1024,3.0,30000,1.216687,3.53,phase2
142,7,1024,3.0,30000,1.209599,3.5507,phase2
143,7,1024,3.0,30000,1.222535,3.5132,phase2
144,7,1024,3.0,30000,1.206876,3.5587,phase2
145,7,1024,3.0,30000,1.180796,3.6373,phase2
146,7,1024,3.0,30000,1.220562,3.5188,phase2
147,7,1024,3.0,30000,1.245741,3.4477,phase2
148,7,1024,3.0,30000,1.201815,3.5737,phase2
149,7,1024,3.0,30000,1.231502,3.4876,phase2
150,7,1024,3.0,30000,1.248221,3.4409,phase2
151,7,1024,3.0,30000,1.21831,3.5253,phase2
152,7,1024,3.0,30000,1.25098,3.4333,phase2
153,7,1024,3.0,30000,1.201038,3.576,phase2
154,7,1024,3.0,30000,1.158829,3.7063,phase2
155,7,1024,3.0,30000,1.29337,3.3208,phase2
156,7,1024,3.0,30000,1.170865,3.6682,phase2
157,7,1024,3.0,30000,1.305053,3.291,phase2
158,7,1024,3.0,30000,1.261862,3.4037,phase2
159,7,1024,3.0,30000,1.258884,3.4117,phase2
160,8,1024,3.0,30000,1.192467,3.6018,phase2
161,8,1024,3.0,30000,1.237356,3.4711,phase2
162,8,1024,3.0,30000,1.185869,3.6218,phase2
163,8,1024,3.0,30000,1.201112,3.5758,phase2
164,8,1024,3.0,30000,1.293723,3.3199,phase2
165,8,1024,3.0,30000,1.291997,3.3243,phase2
166,8,1024,3.0,30000,1.157734,3.7098,phase2
167,8,1024,3.0,30000,1.269044,3.3844,phase2
168,8,1024,3.0,30000,1.222828,3.5123,phase2
169,8,1024,3.0,30000,1.249329,3.4378,phase2
170,8,1024,3.0,30000,1.271501,3.3779,phase2
171,8,1024,3.0,30000,1.261614,3.4043,phase2
172,8,1024,3.0,30000,1.218418,3.525,phase2
173,8,1024,3.0,30000,1.219703,3.5213,phase2
174,8,1024,3.0,30000,1.176579,3.6504,phase2
175,8,1024,3.0,30000,1.214231,3.5372,phase2
176,8,1024,3.0,30000,1.270247,3.3812,phase2
177,8,1024,3.0,30000,1.249903,3.4362,phase2
178,8,1024,3.0,30000,1.145411,3.7497,phase2
179,8,1024,3.0,30000,1.221121,3.5172,phase2
180,9,1024,3.0,30000,1.179538,3.6412,phase2
181,9,1024,3.0,30000,1.2312,3.4884,phase2
182,9,1024,3.0,30000,1.197435,3.5868,phase2
183,9,1024,3.0,30000,1.231122,3.4887,phase2
184,9,1024,3.0,30000,1.223013,3.5118,phase2
185,9,1024,3.0,30000,1.268151,3.3868,phase2
186,9,1024,3.0,30000,1.250707,3.434,phase2
187,9,1024,3.0,30000,1.233246,3.4827,phase2
188,9,1024,3.0,30000,1.257234,3.4162,phase2
189,9,1024,3.0,30000,1.227301,3.4995,phase2
190,9,1024,3.0,30000,1.270101,3.3816,phase2
191,9,1024,3.0,30000,1.318038,3.2586,phase2
192,9,1024,3.0,30000,1.265863,3.3929,phase2
193,9,1024,3.0,30000,1.306331,3.2878,phase2
194,9,1024,3.0,30000,1.230274,3.4911,phase2
195,9,1024,3.0,30000,1.218338,3.5253,phase2
196,9,1024,3.0,30000,1.265974,3.3926,phase2
197,9,1024,3.0,30000,1.28849,3.3333,phase2
198,9,1024,3.0,30000,1.244994,3.4498,phase2
199,9,1024,3.0,30000,1.274683,3.3694,phase2
200,10,1024,3.0,30000,1.197603,3.5863,phase2
201,10,1024,3.0,30000,1.242036,3.458,phase2
202,10,1024,3.0,30000,1.248791,3.4393,phase2
203,10,1024,3.0,30000,1.24434,3.4516,phase2
204,10,1024,3.0,30000,1.194256,3.5964,phase2
205,10,1024,3.0,30000,1.278505,3.3594,phase2
206,10,1024,3.0,30000,1.173896,3.6587,phase2
207,10,1024,3.0,30000,1.261555,3.4045,phase2
208,10,1024,3.0,30000,1.216851,3.5296,phase2
209,10,1024,3.0,30000,1.241833,3.4586,phase2
210,10,1024,3.0,30000,1.211058,3.5465,phase2
211,10,1024,3.0,30000,1.211114,3.5463,phase2
212,10,1024,3.0,30000,1.245725,3.4478,phase2
213,10,1024,3.0,30000,1.284025,3.3449,phase2
214,10,1024,3.0,30000,1.339248,3.207,phase2
215,10,1024,3.0,30000,1.304606,3.2922,phase2
216,10,1024,3.0,30000,1.201284,3.5753,phase2
217,10,1024,3.0,30000,1.240021,3.4636,phase2
218,10,1024,3.0,30000,1.22705,3.5002,phase2
219,10,1024,3.0,30000,1.175173,3.6548,phase2
220,11,1024,3.0,30000,1.222613,3.5129,phase2
221,11,1024,3.0,30000,1.310488,3.2774,phase2
222,11,1024,3.0,30000,1.261943,3.4035,phase2
223,11,1024,3.0,30000,1.218231,3.5256,phase2
224,11,1024,3.0,30000,1.240137,3.4633,phase2
225,11,1024,3.0,30000,1.180073,3.6396,phase2
226,11,1024,3.0,30000,1.262935,3.4008,phase2
227,11,1024,3.0,30000,1.194941,3.5943,phase2
228,11,1024,3.0,30000,1.274527,3.3699,phase2
229,11,1024,3.0,30000,1.214392,3.5367,phase2
230,11,1024,3.0,30000,1.287644,3.3355,phase2
231,11,1024,3.0,30000,1.265715,3.3933,phase2
232,11,1024,3.0,30000,1.228348,3.4965,phase2
233,11,1024,3.0,30000,1.179426,3.6416,phase2
234,11,1024,3.0,30000,1.227418,3.4992,phase2
235,11,1024,3.0,30000,1.244518,3.4511,phase2
236,11,1024,3.0,30000,1.241565,3.4593,phase2
237,11,1024,3.0,30000,1.237432,3.4709,phase2
238,11,1024,3.0,30000,1.242202,3.4575,phase2
239,11,1024,3.0,30000,1.333001,3.222,phase2
240,12,1024,3.0,30000,1.209762,3.5503,phase2
241,12,1024,3.0,30000,1.283213,3.347,phase2
242,12,1024,3.0,30000,1.331054,3.2267,phase2
243,12,1024,3.0,30000,1.213979,3.5379,phase2
244,12,1024,3.0,30000,1.29744,3.3103,phase2
245,12,1024,3.0,30000,1.335558,3.2159,phase2
246,12,1024,3.0,30000,1.149247,3.7372,phase2
247,12,1024,3.0,30000,1.245386,3.4487,phase2
248,12,1024,3.0,30000,1.242611,3.4564,phase2
249,12,1024,3.0,30000,1.23239,3.4851,phase2
250,12,1024,3.0,30000,1.270176,3.3814,phase2
251,12,1024,3.0,30000,1.240926,3.4611,phase2
252,12,1024,3.0,30000,1.249446,3.4375,phase2
253,12,1024,3.0,30000,1.176297,3.6513,phase2
254,12,1024,3.0,30000,1.240451,3.4624,phase2
255,12,1024,3.0,30000,1.257417,3.4157,phase2
256,12,1024,3.0,30000,1.175255,3.6545,phase2
257,12,1024,3.0,30000,1.293252,3.3211,phase2
258,12,1024,3.0,30000,1.188439,3.614,phase2
259,12,1024,3.0,30000,1.253617,3.4261,phase2
260,13,1024,3.0,30000,1.210206,3.549,phase2
261,13,1024,3.0,30000,1.287824,3.3351,phase2
262,13,1024,3.0,30000,1.201437,3.5749,phase2
263,13,1024,3.0,30000,1.228434,3.4963,phase2
264,13,1024,3.0,30000,1.253046,3.4276,phase2
265,13,1024,3.0,30000,1.254351,3.4241,phase2
266,13,1024,3.0,30000,1.16296,3.6931,phase2
267,13,1024,3.0,30000,1.210021,3.5495,phase2
268,13,1024,3.0,30000,1.231053,3.4889,phase2
269,13,1024,3.0,30000,1.343943,3.1958,phase2
270,13,1024,3.0,30000,1.240951,3.461,phase2
271,13,1024,3.0,30000,1.252952,3.4279,phase2
272,13,1024,3.0,30000,1.223644,3.51,phase2
273,13,1024,3.0,30000,1.271415,3.3781,phase2
274,13,1024,3.0,30000,1.330851,3.2272,phase2
275,13,1024,3.0,30000,1.202134,3.5728,phase2
276,13,1024,3.0,30000,1.236803,3.4726,phase2
277,13,1024,3.0,30000,1.326543,3.2377,phase2
278,13,1024,3.0,30000,1.214447,3.5366,phase2
279,13,1024,3.0,30000,1.244251,3.4518,phase2
280,14,1024,3.0,30000,1.265708,3.3933,phase2
281,14,1024,3.0,30000,1.227257,3.4996,phase2
282,14,1024,3.0,30000,1.206927,3.5586,phase2
283,14,1024,3.0,30000,1.25463,3.4233,phase2
284,14,1024,3.0,30000,1.270023,3.3818,phase2
285,14,1024,3.0,30000,1.188106,3.615,phase2
286,14,1024,3.0,30000,1.228797,3.4953,phase2
287,14,1024,3.0,30000,1.240516,3.4622,phase2
288,14,1024,3.0,30000,1.283362,3.3467,phase2
289,14,1024,3.0,30000,1.248529,3.44,phase2
290,14,1024,3.0,30000,1.339802,3.2057,phase2
291,14,1024,3.0,30000,1.265736,3.3933,phase2
292,14,1024,3.0,30000,1.254409,3.4239,phase2
293,14,1024,3.0,30000,1.228565,3.4959,phase2
294,14,1024,3.0,30000,1.218783,3.524,phase2
295,14,1024,3.0,30000,1.253322,3.4269,phase2
296,14,1024,3.0,30000,1.23251,3.4847,phase2
297,14,1024,3.0,30000,1.227473,3.499,phase2
298,14,1024,3.0,30000,1.166813,3.6809,phase2
299,14,1024,3.0,30000,1.339324,3.2068,phase2
