mode,job,iter,epoch,sleep_us,comm_dur_ms,bw_gbps,phase
longliu,A,0,0,30000,405.401,21.1887,phase1
longliu,A,1,0,30000,262.882,32.6760,phase1
longliu,A,2,0,30000,271.430,31.6470,phase1
longliu,A,3,0,30000,313.691,27.3834,phase1
longliu,A,4,0,30000,284.210,30.2239,phase1
longliu,A,5,0,30000,294.815,29.1367,phase1
longliu,A,6,0,30000,274.163,31.3315,phase1
longliu,A,7,0,30000,299.401,28.6904,phase1
longliu,A,8,0,30000,275.388,31.1921,phase1
longliu,A,9,0,30000,261.420,32.8587,phase1
longliu,A,10,0,30000,272.515,31.5209,phase1
longliu,A,11,0,30000,279.263,30.7593,phase1
longliu,A,12,0,30000,269.848,31.8325,phase1
longliu,A,13,0,30000,263.387,32.6134,phase1
longliu,A,14,0,30000,268.259,32.0211,phase1
longliu,A,15,0,30000,309.802,27.7271,phase1
longliu,A,16,0,30000,288.782,29.7454,phase1
longliu,A,17,0,30000,280.256,30.6503,phase1
longliu,A,18,0,30000,290.522,29.5672,phase1
longliu,A,19,0,30000,385.579,22.2780,phase1
longliu,A,20,1,30000,541.705,15.8572,phase1
longliu,A,21,1,30000,422.928,20.3106,phase1
longliu,A,22,1,30000,434.854,19.7536,phase1
longliu,A,23,1,30000,422.954,20.3094,phase1
longliu,A,24,1,30000,414.336,20.7318,phase1
longliu,A,25,1,30000,442.085,19.4305,phase1
longliu,A,26,1,30000,409.537,20.9747,phase1
longliu,A,27,1,30000,428.237,20.0588,phase1
longliu,A,28,1,30000,434.901,19.7515,phase1
longliu,A,29,1,30000,439.043,19.5651,phase1
longliu,A,30,1,30000,414.486,20.7243,phase1
longliu,A,31,1,30000,420.771,20.4147,phase1
longliu,A,32,1,30000,431.221,19.9200,phase1
longliu,A,33,1,30000,410.276,20.9370,phase1
longliu,A,34,1,30000,409.738,20.9644,phase1
longliu,A,35,1,30000,431.249,19.9187,phase1
longliu,A,36,1,30000,427.038,20.1151,phase1
longliu,A,37,1,30000,440.851,19.4849,phase1
longliu,A,38,1,30000,414.188,20.7392,phase1
longliu,A,39,1,30000,414.086,20.7443,phase1
longliu,A,40,2,30000,526.148,16.3261,phase1
longliu,A,41,2,30000,527.105,16.2964,phase1
longliu,A,42,2,30000,526.570,16.3130,phase1
longliu,A,43,2,30000,535.919,16.0284,phase1
longliu,A,44,2,30000,530.403,16.1951,phase1
longliu,A,45,2,30000,394.780,21.7588,phase1
longliu,A,46,2,30000,592.761,14.4914,phase1
longliu,A,47,2,30000,626.925,13.7017,phase1
longliu,A,48,2,30000,595.843,14.4164,phase1
longliu,A,49,2,30000,621.627,13.8185,phase1
longliu,A,50,2,30000,617.994,13.8997,phase1
longliu,A,51,2,30000,621.502,13.8212,phase1
longliu,A,52,2,30000,583.183,14.7294,phase1
longliu,A,53,2,30000,588.085,14.6066,phase1
longliu,A,54,2,30000,600.912,14.2948,phase1
longliu,A,55,2,30000,609.729,14.0881,phase1
longliu,A,56,2,30000,617.249,13.9165,phase1
longliu,A,57,2,30000,602.348,14.2607,phase1
longliu,A,58,2,30000,636.613,13.4932,phase1
longliu,A,59,2,30000,614.399,13.9810,phase1
longliu,A,60,3,30000,526.997,16.2998,phase1
longliu,A,61,3,30000,519.645,16.5304,phase1
longliu,A,62,3,30000,519.795,16.5256,phase1
longliu,A,63,3,30000,508.874,16.8803,phase1
longliu,A,64,3,30000,517.740,16.5912,phase1
longliu,A,65,3,30000,531.818,16.1520,phase1
longliu,A,66,3,30000,496.142,17.3135,phase1
longliu,A,67,3,30000,505.574,16.9905,phase1
longliu,A,68,3,30000,506.425,16.9619,phase1
longliu,A,69,3,30000,518.371,16.5710,phase1
longliu,A,70,3,30000,513.668,16.7227,phase1
longliu,A,71,3,30000,528.433,16.2555,phase1
longliu,A,72,3,30000,501.387,17.1324,phase1
longliu,A,73,3,30000,522.207,16.4493,phase1
longliu,A,74,3,30000,511.049,16.8085,phase1
longliu,A,75,3,30000,532.118,16.1429,phase1
longliu,A,76,3,30000,521.875,16.4598,phase1
longliu,A,77,3,30000,526.331,16.3204,phase1
longliu,A,78,3,30000,535.301,16.0469,phase1
longliu,A,79,3,30000,530.571,16.1900,phase1
longliu,A,80,4,30000,537.562,15.9794,phase1
longliu,A,81,4,30000,535.891,16.0293,phase1
longliu,A,82,4,30000,497.104,17.2800,phase1
longliu,A,83,4,30000,552.018,15.5610,phase1
longliu,A,84,4,30000,526.010,16.3304,phase1
longliu,A,85,4,30000,531.877,16.1502,phase1
longliu,A,86,4,30000,522.870,16.4284,phase1
longliu,A,87,4,30000,513.107,16.7410,phase1
longliu,A,88,4,30000,497.269,17.2742,phase1
longliu,A,89,4,30000,517.324,16.6046,phase1
longliu,A,90,4,30000,496.290,17.3083,phase1
longliu,A,91,4,30000,513.271,16.7357,phase1
longliu,A,92,4,30000,502.118,17.1074,phase1
longliu,A,93,4,30000,523.672,16.4033,phase1
longliu,A,94,4,30000,533.280,16.1077,phase1
longliu,A,95,4,30000,539.178,15.9315,phase1
longliu,A,96,4,30000,530.698,16.1861,phase1
longliu,A,97,4,30000,544.015,15.7899,phase1
longliu,A,98,4,30000,517.381,16.6027,phase1
longliu,A,99,4,30000,536.993,15.9964,phase1
longliu,A,100,5,30000,514.957,16.6809,phase1
longliu,A,101,5,30000,523.772,16.4001,phase1
longliu,A,102,5,30000,517.530,16.5979,phase1
longliu,A,103,5,30000,513.959,16.7133,phase1
longliu,A,104,5,30000,545.072,15.7593,phase1
longliu,A,105,5,30000,505.686,16.9867,phase1
longliu,A,106,5,30000,522.337,16.4452,phase1
longliu,A,107,5,30000,531.908,16.1493,phase1
longliu,A,108,5,30000,522.150,16.4511,phase1
longliu,A,109,5,30000,518.996,16.5511,phase1
longliu,A,110,5,30000,506.101,16.9728,phase1
longliu,A,111,5,30000,531.609,16.1584,phase1
longliu,A,112,5,30000,532.012,16.1461,phase1
longliu,A,113,5,30000,502.553,17.0926,phase1
longliu,A,114,5,30000,514.897,16.6828,phase1
longliu,A,115,5,30000,505.549,16.9913,phase1
longliu,A,116,5,30000,521.828,16.4612,phase1
longliu,A,117,5,30000,520.281,16.5102,phase1
longliu,A,118,5,30000,522.627,16.4361,phase1
longliu,A,119,5,30000,557.242,15.4151,phase1
longliu,A,120,6,30000,534.878,16.0596,phase1
longliu,A,121,6,30000,535.031,16.0550,phase1
longliu,A,122,6,30000,527.256,16.2918,phase1
longliu,A,123,6,30000,512.422,16.7634,phase1
longliu,A,124,6,30000,528.522,16.2527,phase1
longliu,A,125,6,30000,501.964,17.1126,phase1
longliu,A,126,6,30000,501.773,17.1192,phase1
longliu,A,127,6,30000,501.030,17.1446,phase1
longliu,A,128,6,30000,497.091,17.2804,phase1
longliu,A,129,6,30000,509.523,16.8588,phase1
longliu,A,130,6,30000,517.854,16.5876,phase1
longliu,A,131,6,30000,500.382,17.1668,phase1
longliu,A,132,6,30000,523.266,16.4160,phase1
longliu,A,133,6,30000,530.910,16.1796,phase1
longliu,A,134,6,30000,526.258,16.3227,phase1
longliu,A,135,6,30000,528.400,16.2565,phase1
longliu,A,136,6,30000,522.198,16.4496,phase1
longliu,A,137,6,30000,505.539,16.9916,phase1
longliu,A,138,6,30000,518.604,16.5636,phase1
longliu,A,139,6,30000,528.124,16.2650,phase1
longliu,A,140,7,80000,510.099,16.8397,phase2
longliu,A,141,7,80000,535.537,16.0398,phase2
longliu,A,142,7,80000,513.655,16.7231,phase2
longliu,A,143,7,80000,522.828,16.4297,phase2
longliu,A,144,7,80000,522.268,16.4474,phase2
longliu,A,145,7,80000,536.906,15.9989,phase2
longliu,A,146,7,80000,526.765,16.3070,phase2
longliu,A,147,7,80000,500.361,17.1675,phase2
longliu,A,148,7,80000,506.024,16.9753,phase2
longliu,A,149,7,80000,500.990,17.1459,phase2
longliu,A,150,7,80000,527.896,16.2720,phase2
longliu,A,151,7,80000,549.820,15.6232,phase2
longliu,A,152,7,80000,549.298,15.6380,phase2
longliu,A,153,7,80000,510.351,16.8314,phase2
longliu,A,154,7,80000,513.709,16.7214,phase2
longliu,A,155,7,80000,539.455,15.9234,phase2
longliu,A,156,7,80000,509.316,16.8656,phase2
longliu,A,157,7,80000,505.093,17.0066,phase2
longliu,A,158,7,80000,522.859,16.4288,phase2
longliu,A,159,7,80000,521.966,16.4569,phase2
longliu,A,160,8,80000,500.600,17.1593,phase2
longliu,A,161,8,80000,508.881,16.8800,phase2
longliu,A,162,8,80000,536.608,16.0078,phase2
longliu,A,163,8,80000,535.481,16.0415,phase2
longliu,A,164,8,80000,513.324,16.7339,phase2
longliu,A,165,8,80000,518.318,16.5727,phase2
longliu,A,166,8,80000,518.358,16.5714,phase2
longliu,A,167,8,80000,500.470,17.1637,phase2
longliu,A,168,8,80000,509.969,16.8440,phase2
longliu,A,169,8,80000,522.023,16.4551,phase2
longliu,A,170,8,80000,502.213,17.1042,phase2
longliu,A,171,8,80000,506.785,16.9499,phase2
longliu,A,172,8,80000,508.993,16.8763,phase2
longliu,A,173,8,80000,531.975,16.1472,phase2
longliu,A,174,8,80000,534.996,16.0561,phase2
longliu,A,175,8,80000,514.540,16.6944,phase2
longliu,A,176,8,80000,518.035,16.5818,phase2
longliu,A,177,8,80000,505.054,17.0079,phase2
longliu,A,178,8,80000,511.444,16.7954,phase2
longliu,A,179,8,80000,506.045,16.9747,phase2
longliu,A,180,9,80000,535.493,16.0412,phase2
longliu,A,181,9,80000,510.440,16.8285,phase2
longliu,A,182,9,80000,497.183,17.2772,phase2
longliu,A,183,9,80000,517.930,16.5851,phase2
longliu,A,184,9,80000,514.717,16.6887,phase2
longliu,A,185,9,80000,523.519,16.4081,phase2
longliu,A,186,9,80000,511.783,16.7843,phase2
longliu,A,187,9,80000,488.843,17.5720,phase2
longliu,A,188,9,80000,497.852,17.2540,phase2
longliu,A,189,9,80000,522.795,16.4308,phase2
longliu,A,190,9,80000,516.259,16.6388,phase2
longliu,A,191,9,80000,498.456,17.2331,phase2
longliu,A,192,9,80000,497.697,17.2594,phase2
longliu,A,193,9,80000,535.248,16.0485,phase2
longliu,A,194,9,80000,509.601,16.8562,phase2
longliu,A,195,9,80000,513.667,16.7228,phase2
longliu,A,196,9,80000,510.944,16.8119,phase2
longliu,A,197,9,80000,540.338,15.8973,phase2
longliu,A,198,9,80000,535.525,16.0402,phase2
longliu,A,199,9,80000,543.645,15.8006,phase2
longliu,A,200,10,80000,527.328,16.2895,phase2
longliu,A,201,10,80000,514.732,16.6882,phase2
longliu,A,202,10,80000,530.804,16.1829,phase2
longliu,A,203,10,80000,523.956,16.3944,phase2
longliu,A,204,10,80000,552.200,15.5558,phase2
longliu,A,205,10,80000,527.312,16.2900,phase2
longliu,A,206,10,80000,518.042,16.5815,phase2
longliu,A,207,10,80000,543.687,15.7994,phase2
longliu,A,208,10,80000,536.803,16.0020,phase2
longliu,A,209,10,80000,540.720,15.8861,phase2
longliu,A,210,10,80000,554.322,15.4963,phase2
longliu,A,211,10,80000,535.159,16.0512,phase2
longliu,A,212,10,80000,505.286,17.0001,phase2
longliu,A,213,10,80000,526.101,16.3276,phase2
longliu,A,214,10,80000,538.871,15.9406,phase2
longliu,A,215,10,80000,528.016,16.2683,phase2
longliu,A,216,10,80000,531.175,16.1716,phase2
longliu,A,217,10,80000,539.277,15.9286,phase2
longliu,A,218,10,80000,530.917,16.1794,phase2
longliu,A,219,10,80000,528.002,16.2687,phase2
longliu,A,220,11,80000,544.943,15.7630,phase2
longliu,A,221,11,80000,510.057,16.8411,phase2
longliu,A,222,11,80000,509.490,16.8599,phase2
longliu,A,223,11,80000,548.834,15.6513,phase2
longliu,A,224,11,80000,536.841,16.0009,phase2
longliu,A,225,11,80000,514.638,16.6912,phase2
longliu,A,226,11,80000,518.201,16.5765,phase2
longliu,A,227,11,80000,524.415,16.3800,phase2
longliu,A,228,11,80000,544.550,15.7744,phase2
longliu,A,229,11,80000,522.899,16.4275,phase2
longliu,A,230,11,80000,523.167,16.4191,phase2
longliu,A,231,11,80000,540.375,15.8963,phase2
longliu,A,232,11,80000,526.611,16.3117,phase2
longliu,A,233,11,80000,519.980,16.5197,phase2
longliu,A,234,11,80000,546.171,15.7276,phase2
longliu,A,235,11,80000,527.407,16.2871,phase2
longliu,A,236,11,80000,527.360,16.2886,phase2
longliu,A,237,11,80000,518.634,16.5626,phase2
longliu,A,238,11,80000,509.603,16.8561,phase2
longliu,A,239,11,80000,540.278,15.8991,phase2
longliu,A,240,12,80000,528.880,16.2417,phase2
longliu,A,241,12,80000,549.462,15.6334,phase2
longliu,A,242,12,80000,562.734,15.2647,phase2
longliu,A,243,12,80000,535.130,16.0521,phase2
longliu,A,244,12,80000,517.989,16.5832,phase2
longliu,A,245,12,80000,531.187,16.1712,phase2
longliu,A,246,12,80000,535.194,16.0501,phase2
longliu,A,247,12,80000,527.969,16.2698,phase2
longliu,A,248,12,80000,537.110,15.9929,phase2
longliu,A,249,12,80000,526.564,16.3132,phase2
longliu,A,250,12,80000,535.478,16.0416,phase2
longliu,A,251,12,80000,535.533,16.0400,phase2
longliu,A,252,12,80000,553.259,15.5261,phase2
longliu,A,253,12,80000,545.150,15.7570,phase2
longliu,A,254,12,80000,514.926,16.6819,phase2
longliu,A,255,12,80000,535.927,16.0282,phase2
longliu,A,256,12,80000,518.255,16.5747,phase2
longliu,A,257,12,80000,522.300,16.4464,phase2
longliu,A,258,12,80000,519.077,16.5485,phase2
longliu,A,259,12,80000,514.170,16.7064,phase2
longliu,A,260,13,80000,531.374,16.1655,phase2
longliu,A,261,13,80000,518.323,16.5726,phase2
longliu,A,262,13,80000,540.712,15.8863,phase2
longliu,A,263,13,80000,505.443,16.9949,phase2
longliu,A,264,13,80000,528.010,16.2685,phase2
longliu,A,265,13,80000,520.682,16.4975,phase2
longliu,A,266,13,80000,548.306,15.6663,phase2
longliu,A,267,13,80000,519.496,16.5351,phase2
longliu,A,268,13,80000,515.502,16.6632,phase2
longliu,A,269,13,80000,511.126,16.8059,phase2
longliu,A,270,13,80000,530.669,16.1870,phase2
longliu,A,271,13,80000,496.167,17.3126,phase2
longliu,A,272,13,80000,501.234,17.1376,phase2
longliu,A,273,13,80000,518.006,16.5827,phase2
longliu,A,274,13,80000,509.207,16.8692,phase2
longliu,A,275,13,80000,507.745,16.9178,phase2
longliu,A,276,13,80000,506.576,16.9569,phase2
longliu,A,277,13,80000,544.397,15.7788,phase2
longliu,A,278,13,80000,514.773,16.6868,phase2
longliu,A,279,13,80000,561.103,15.3090,phase2
longliu,A,280,14,80000,788.711,10.8911,phase2
longliu,A,281,14,80000,752.864,11.4097,phase2
longliu,A,282,14,80000,783.391,10.9651,phase2
longliu,A,283,14,80000,878.418,9.7789,phase2
longliu,A,284,14,80000,687.874,12.4877,phase2
longliu,A,285,14,80000,850.366,10.1015,phase2
longliu,A,286,14,80000,727.196,11.8124,phase2
longliu,A,287,14,80000,729.853,11.7694,phase2
longliu,A,288,14,80000,792.130,10.8441,phase2
longliu,A,289,14,80000,740.809,11.5953,phase2
longliu,A,290,14,80000,852.602,10.0750,phase2
longliu,A,291,14,80000,789.348,10.8823,phase2
longliu,A,292,14,80000,859.779,9.9909,phase2
longliu,A,293,14,80000,738.566,11.6306,phase2
longliu,A,294,14,80000,812.587,10.5711,phase2
longliu,A,295,14,80000,796.591,10.7834,phase2
longliu,A,296,14,80000,747.423,11.4927,phase2
longliu,A,297,14,80000,805.126,10.6691,phase2
longliu,A,298,14,80000,750.551,11.4448,phase2
longliu,A,299,14,80000,805.301,10.6667,phase2
longliu,B,0,0,80000,520.458,16.5046,phase1
longliu,B,1,0,80000,657.398,13.0666,phase1
longliu,B,2,0,80000,579.073,14.8339,phase1
longliu,B,3,0,80000,613.376,14.0044,phase1
longliu,B,4,0,80000,592.606,14.4952,phase1
longliu,B,5,0,80000,610.087,14.0799,phase1
longliu,B,6,0,80000,583.652,14.7176,phase1
longliu,B,7,0,80000,639.529,13.4317,phase1
longliu,B,8,0,80000,639.714,13.4278,phase1
longliu,B,9,0,80000,645.120,13.3153,phase1
longliu,B,10,0,80000,643.996,13.3385,phase1
longliu,B,11,0,80000,622.486,13.7994,phase1
longliu,B,12,0,80000,642.947,13.3603,phase1
longliu,B,13,0,80000,615.527,13.9554,phase1
longliu,B,14,0,80000,543.406,15.8076,phase1
longliu,B,15,0,80000,531.042,16.1756,phase1
longliu,B,16,0,80000,513.591,16.7252,phase1
longliu,B,17,0,80000,526.445,16.3169,phase1
longliu,B,18,0,80000,535.907,16.0288,phase1
longliu,B,19,0,80000,517.624,16.5949,phase1
longliu,B,20,1,80000,582.226,14.7536,phase1
longliu,B,21,1,80000,419.319,20.4854,phase1
longliu,B,22,1,80000,422.282,20.3417,phase1
longliu,B,23,1,80000,430.368,19.9595,phase1
longliu,B,24,1,80000,423.150,20.3000,phase1
longliu,B,25,1,80000,422.695,20.3218,phase1
longliu,B,26,1,80000,426.346,20.1478,phase1
longliu,B,27,1,80000,418.513,20.5249,phase1
longliu,B,28,1,80000,448.238,19.1638,phase1
longliu,B,29,1,80000,426.283,20.1508,phase1
longliu,B,30,1,80000,415.353,20.6810,phase1
longliu,B,31,1,80000,428.016,20.0692,phase1
longliu,B,32,1,80000,415.119,20.6927,phase1
longliu,B,33,1,80000,426.009,20.1637,phase1
longliu,B,34,1,80000,426.824,20.1252,phase1
longliu,B,35,1,80000,409.408,20.9813,phase1
longliu,B,36,1,80000,445.344,19.2883,phase1
longliu,B,37,1,80000,436.907,19.6608,phase1
longliu,B,38,1,80000,402.270,21.3537,phase1
longliu,B,39,1,80000,422.476,20.3324,phase1
longliu,B,40,2,80000,505.481,16.9936,phase1
longliu,B,41,2,80000,515.279,16.6704,phase1
longliu,B,42,2,80000,519.113,16.5473,phase1
longliu,B,43,2,80000,509.839,16.8483,phase1
longliu,B,44,2,80000,491.823,17.4655,phase1
longliu,B,45,2,80000,521.920,16.4583,phase1
longliu,B,46,2,80000,505.926,16.9786,phase1
longliu,B,47,2,80000,492.564,17.4392,phase1
longliu,B,48,2,80000,513.904,16.7151,phase1
longliu,B,49,2,80000,501.504,17.1283,phase1
longliu,B,50,2,80000,522.588,16.4373,phase1
longliu,B,51,2,80000,531.491,16.1619,phase1
longliu,B,52,2,80000,501.835,17.1171,phase1
longliu,B,53,2,80000,510.692,16.8202,phase1
longliu,B,54,2,80000,526.392,16.3185,phase1
longliu,B,55,2,80000,515.502,16.6632,phase1
longliu,B,56,2,80000,522.962,16.4255,phase1
longliu,B,57,2,80000,539.131,15.9329,phase1
longliu,B,58,2,80000,539.608,15.9188,phase1
longliu,B,59,2,80000,522.011,16.4555,phase1
longliu,B,60,3,80000,518.743,16.5591,phase1
longliu,B,61,3,80000,549.262,15.6391,phase1
longliu,B,62,3,80000,510.333,16.8320,phase1
longliu,B,63,3,80000,518.220,16.5758,phase1
longliu,B,64,3,80000,539.264,15.9290,phase1
longliu,B,65,3,80000,521.604,16.4683,phase1
longliu,B,66,3,80000,514.676,16.6900,phase1
longliu,B,67,3,80000,531.135,16.1728,phase1
longliu,B,68,3,80000,496.080,17.3156,phase1
longliu,B,69,3,80000,522.998,16.4244,phase1
longliu,B,70,3,80000,495.939,17.3206,phase1
longliu,B,71,3,80000,522.111,16.4523,phase1
longliu,B,72,3,80000,514.064,16.7099,phase1
longliu,B,73,3,80000,497.030,17.2825,phase1
longliu,B,74,3,80000,538.139,15.9623,phase1
longliu,B,75,3,80000,522.904,16.4274,phase1
longliu,B,76,3,80000,530.575,16.1899,phase1
longliu,B,77,3,80000,535.580,16.0386,phase1
longliu,B,78,3,80000,504.488,17.0270,phase1
longliu,B,79,3,80000,518.804,16.5572,phase1
longliu,B,80,4,80000,526.956,16.3010,phase1
longliu,B,81,4,80000,528.493,16.2537,phase1
longliu,B,82,4,80000,505.693,16.9864,phase1
longliu,B,83,4,80000,509.061,16.8741,phase1
longliu,B,84,4,80000,532.638,16.1272,phase1
longliu,B,85,4,80000,513.868,16.7162,phase1
longliu,B,86,4,80000,509.850,16.8480,phase1
longliu,B,87,4,80000,514.031,16.7109,phase1
longliu,B,88,4,80000,535.518,16.0404,phase1
longliu,B,89,4,80000,513.656,16.7231,phase1
longliu,B,90,4,80000,507.471,16.9269,phase1
longliu,B,91,4,80000,504.677,17.0206,phase1
longliu,B,92,4,80000,537.193,15.9904,phase1
longliu,B,93,4,80000,519.388,16.5386,phase1
longliu,B,94,4,80000,500.755,17.1540,phase1
longliu,B,95,4,80000,497.573,17.2637,phase1
longliu,B,96,4,80000,518.385,16.5706,phase1
longliu,B,97,4,80000,515.113,16.6758,phase1
longliu,B,98,4,80000,518.307,16.5731,phase1
longliu,B,99,4,80000,548.982,15.6470,phase1
longliu,B,100,5,80000,522.191,16.4498,phase1
longliu,B,101,5,80000,539.065,15.9349,phase1
longliu,B,102,5,80000,527.692,16.2783,phase1
longliu,B,103,5,80000,532.097,16.1436,phase1
longliu,B,104,5,80000,520.305,16.5094,phase1
longliu,B,105,5,80000,524.816,16.3675,phase1
longliu,B,106,5,80000,501.961,17.1127,phase1
longliu,B,107,5,80000,499.986,17.1803,phase1
longliu,B,108,5,80000,514.838,16.6847,phase1
longliu,B,109,5,80000,492.583,17.4386,phase1
longliu,B,110,5,80000,517.825,16.5885,phase1
longliu,B,111,5,80000,517.598,16.5958,phase1
longliu,B,112,5,80000,510.259,16.8344,phase1
longliu,B,113,5,80000,535.125,16.0522,phase1
longliu,B,114,5,80000,535.414,16.0435,phase1
longliu,B,115,5,80000,548.031,15.6742,phase1
longliu,B,116,5,80000,519.463,16.5362,phase1
longliu,B,117,5,80000,504.754,17.0181,phase1
longliu,B,118,5,80000,484.168,17.7416,phase1
longliu,B,119,5,80000,533.058,16.1145,phase1
longliu,B,120,6,80000,509.591,16.8565,phase1
longliu,B,121,6,80000,522.586,16.4374,phase1
longliu,B,122,6,80000,526.718,16.3084,phase1
longliu,B,123,6,80000,522.402,16.4432,phase1
longliu,B,124,6,80000,531.702,16.1555,phase1
longliu,B,125,6,80000,526.530,16.3142,phase1
longliu,B,126,6,80000,519.723,16.5279,phase1
longliu,B,127,6,80000,509.311,16.8658,phase1
longliu,B,128,6,80000,514.754,16.6875,phase1
longliu,B,129,6,80000,517.787,16.5897,phase1
longliu,B,130,6,80000,524.168,16.3877,phase1
longliu,B,131,6,80000,545.187,15.7559,phase1
longliu,B,132,6,80000,543.726,15.7983,phase1
longliu,B,133,6,80000,532.177,16.1411,phase1
longliu,B,134,6,80000,505.963,16.9774,phase1
longliu,B,135,6,80000,526.931,16.3018,phase1
longliu,B,136,6,80000,500.544,17.1612,phase1
longliu,B,137,6,80000,501.050,17.1439,phase1
longliu,B,138,6,80000,526.407,16.3181,phase1
longliu,B,139,6,80000,527.116,16.2961,phase1
longliu,B,140,7,30000,500.329,17.1686,phase2
longliu,B,141,7,30000,513.631,16.7239,phase2
longliu,B,142,7,30000,504.694,17.0201,phase2
longliu,B,143,7,30000,519.403,16.5381,phase2
longliu,B,144,7,30000,539.731,15.9152,phase2
longliu,B,145,7,30000,509.505,16.8594,phase2
longliu,B,146,7,30000,526.308,16.3211,phase2
longliu,B,147,7,30000,509.981,16.8436,phase2
longliu,B,148,7,30000,504.611,17.0229,phase2
longliu,B,149,7,30000,501.460,17.1298,phase2
longliu,B,150,7,30000,515.079,16.6769,phase2
longliu,B,151,7,30000,510.728,16.8190,phase2
longliu,B,152,7,30000,522.785,16.4311,phase2
longliu,B,153,7,30000,522.746,16.4323,phase2
longliu,B,154,7,30000,539.887,15.9106,phase2
longliu,B,155,7,30000,518.231,16.5755,phase2
longliu,B,156,7,30000,531.079,16.1745,phase2
longliu,B,157,7,30000,514.026,16.7111,phase2
longliu,B,158,7,30000,501.336,17.1341,phase2
longliu,B,159,7,30000,512.016,16.7767,phase2
longliu,B,160,8,30000,522.524,16.4393,phase2
longliu,B,161,8,30000,531.094,16.1740,phase2
longliu,B,162,8,30000,506.353,16.9643,phase2
longliu,B,163,8,30000,514.297,16.7023,phase2
longliu,B,164,8,30000,505.987,16.9766,phase2
longliu,B,165,8,30000,534.975,16.0567,phase2
longliu,B,166,8,30000,520.511,16.5029,phase2
longliu,B,167,8,30000,494.734,17.3627,phase2
longliu,B,168,8,30000,526.532,16.3142,phase2
longliu,B,169,8,30000,493.914,17.3916,phase2
longliu,B,170,8,30000,541.021,15.8773,phase2
longliu,B,171,8,30000,511.819,16.7832,phase2
longliu,B,172,8,30000,498.989,17.2147,phase2
longliu,B,173,8,30000,526.281,16.3220,phase2
longliu,B,174,8,30000,531.269,16.1687,phase2
longliu,B,175,8,30000,509.721,16.8522,phase2
longliu,B,176,8,30000,500.628,17.1583,phase2
longliu,B,177,8,30000,520.370,16.5074,phase2
longliu,B,178,8,30000,548.244,15.6681,phase2
longliu,B,179,8,30000,531.034,16.1759,phase2
longliu,B,180,9,30000,509.419,16.8622,phase2
longliu,B,181,9,30000,514.278,16.7029,phase2
longliu,B,182,9,30000,527.771,16.2759,phase2
longliu,B,183,9,30000,519.497,16.5351,phase2
longliu,B,184,9,30000,535.312,16.0466,phase2
longliu,B,185,9,30000,535.762,16.0331,phase2
longliu,B,186,9,30000,509.636,16.8551,phase2
longliu,B,187,9,30000,535.001,16.0559,phase2
longliu,B,188,9,30000,519.379,16.5388,phase2
longliu,B,189,9,30000,527.322,16.2897,phase2
longliu,B,190,9,30000,554.251,15.4983,phase2
longliu,B,191,9,30000,514.193,16.7056,phase2
longliu,B,192,9,30000,526.612,16.3117,phase2
longliu,B,193,9,30000,522.358,16.4445,phase2
longliu,B,194,9,30000,539.085,15.9343,phase2
longliu,B,195,9,30000,539.181,15.9315,phase2
longliu,B,196,9,30000,519.456,16.5364,phase2
longliu,B,197,9,30000,522.548,16.4385,phase2
longliu,B,198,9,30000,552.171,15.5567,phase2
longliu,B,199,9,30000,519.499,16.5350,phase2
longliu,B,200,10,30000,540.706,15.8865,phase2
longliu,B,201,10,30000,522.735,16.4327,phase2
longliu,B,202,10,30000,522.573,16.4378,phase2
longliu,B,203,10,30000,523.222,16.4174,phase2
longliu,B,204,10,30000,541.051,15.8764,phase2
longliu,B,205,10,30000,531.848,16.1511,phase2
longliu,B,206,10,30000,501.202,17.1387,phase2
longliu,B,207,10,30000,532.627,16.1275,phase2
longliu,B,208,10,30000,545.053,15.7598,phase2
longliu,B,209,10,30000,518.394,16.5703,phase2
longliu,B,210,10,30000,514.457,16.6971,phase2
longliu,B,211,10,30000,565.898,15.1793,phase2
longliu,B,212,10,30000,518.897,16.5542,phase2
longliu,B,213,10,30000,518.472,16.5678,phase2
longliu,B,214,10,30000,533.921,16.0884,phase2
longliu,B,215,10,30000,531.775,16.1533,phase2
longliu,B,216,10,30000,544.524,15.7751,phase2
longliu,B,217,10,30000,532.210,16.1401,phase2
longliu,B,218,10,30000,522.827,16.4298,phase2
longliu,B,219,10,30000,535.715,16.0345,phase2
longliu,B,220,11,30000,558.530,15.3795,phase2
longliu,B,221,11,30000,527.388,16.2877,phase2
longliu,B,222,11,30000,560.034,15.3382,phase2
longliu,B,223,11,30000,535.247,16.0485,phase2
longliu,B,224,11,30000,526.600,16.3121,phase2
longliu,B,225,11,30000,539.840,15.9120,phase2
longliu,B,226,11,30000,526.629,16.3112,phase2
longliu,B,227,11,30000,522.699,16.4338,phase2
longliu,B,228,11,30000,528.651,16.2488,phase2
longliu,B,229,11,30000,523.014,16.4239,phase2
longliu,B,230,11,30000,514.028,16.7110,phase2
longliu,B,231,11,30000,535.113,16.0526,phase2
longliu,B,232,11,30000,549.602,15.6294,phase2
longliu,B,233,11,30000,549.387,15.6355,phase2
longliu,B,234,11,30000,514.824,16.6852,phase2
longliu,B,235,11,30000,514.416,16.6984,phase2
longliu,B,236,11,30000,522.729,16.4329,phase2
longliu,B,237,11,30000,513.369,16.7325,phase2
longliu,B,238,11,30000,506.357,16.9642,phase2
longliu,B,239,11,30000,518.516,16.5664,phase2
longliu,B,240,12,30000,531.140,16.1726,phase2
longliu,B,241,12,30000,535.637,16.0368,phase2
longliu,B,242,12,30000,535.614,16.0376,phase2
longliu,B,243,12,30000,514.903,16.6826,phase2
longliu,B,244,12,30000,519.804,16.5253,phase2
longliu,B,245,12,30000,519.246,16.5431,phase2
longliu,B,246,12,30000,532.531,16.1304,phase2
longliu,B,247,12,30000,567.017,15.1493,phase2
longliu,B,248,12,30000,502.201,17.1046,phase2
longliu,B,249,12,30000,505.930,16.9785,phase2
longliu,B,250,12,30000,527.936,16.2708,phase2
longliu,B,251,12,30000,504.890,17.0135,phase2
longliu,B,252,12,30000,509.640,16.8549,phase2
longliu,B,253,12,30000,505.336,16.9985,phase2
longliu,B,254,12,30000,513.514,16.7277,phase2
longliu,B,255,12,30000,514.880,16.6834,phase2
longliu,B,256,12,30000,498.631,17.2270,phase2
longliu,B,257,12,30000,510.272,16.8340,phase2
longliu,B,258,12,30000,532.382,16.1349,phase2
longliu,B,259,12,30000,526.744,16.3076,phase2
longliu,B,260,13,30000,506.124,16.9720,phase2
longliu,B,261,13,30000,397.211,21.6256,phase2
longliu,B,262,13,30000,405.618,21.1774,phase2
longliu,B,263,13,30000,414.106,20.7433,phase2
longliu,B,264,13,30000,414.165,20.7404,phase2
longliu,B,265,13,30000,410.511,20.9250,phase2
longliu,B,266,13,30000,396.726,21.6520,phase2
longliu,B,267,13,30000,414.351,20.7310,phase2
longliu,B,268,13,30000,397.073,21.6332,phase2
longliu,B,269,13,30000,409.315,20.9861,phase2
longliu,B,270,13,30000,415.828,20.6574,phase2
longliu,B,271,13,30000,419.097,20.4963,phase2
longliu,B,272,13,30000,412.381,20.8301,phase2
longliu,B,273,13,30000,406.852,21.1132,phase2
longliu,B,274,13,30000,398.154,21.5744,phase2
longliu,B,275,13,30000,415.473,20.6751,phase2
longliu,B,276,13,30000,405.309,21.1935,phase2
longliu,B,277,13,30000,405.508,21.1831,phase2
longliu,B,278,13,30000,406.025,21.1562,phase2
longliu,B,279,13,30000,406.204,21.1468,phase2
longliu,B,280,14,30000,396.367,21.6717,phase2
longliu,B,281,14,30000,414.887,20.7043,phase2
longliu,B,282,14,30000,406.086,21.1530,phase2
longliu,B,283,14,30000,398.264,21.5685,phase2
longliu,B,284,14,30000,400.426,21.4520,phase2
longliu,B,285,14,30000,393.892,21.8079,phase2
longliu,B,286,14,30000,396.950,21.6398,phase2
longliu,B,287,14,30000,398.372,21.5626,phase2
longliu,B,288,14,30000,387.538,22.1654,phase2
longliu,B,289,14,30000,401.185,21.4114,phase2
longliu,B,290,14,30000,402.209,21.3569,phase2
longliu,B,291,14,30000,409.523,20.9755,phase2
longliu,B,292,14,30000,422.100,20.3505,phase2
longliu,B,293,14,30000,397.657,21.6014,phase2
longliu,B,294,14,30000,396.697,21.6536,phase2
longliu,B,295,14,30000,427.751,20.0816,phase2
longliu,B,296,14,30000,392.935,21.8610,phase2
longliu,B,297,14,30000,411.046,20.8977,phase2
longliu,B,298,14,30000,406.365,21.1385,phase2
longliu,B,299,14,30000,315.701,27.2091,phase2
crux,A,0,0,30000,385.390,22.2889,phase1
crux,A,1,0,30000,260.256,33.0057,phase1
crux,A,2,0,30000,262.551,32.7172,phase1
crux,A,3,0,30000,256.996,33.4243,phase1
crux,A,4,0,30000,262.452,32.7295,phase1
crux,A,5,0,30000,281.418,30.5237,phase1
crux,A,6,0,30000,268.054,32.0455,phase1
crux,A,7,0,30000,254.644,33.7332,phase1
crux,A,8,0,30000,255.850,33.5742,phase1
crux,A,9,0,30000,285.852,30.0503,phase1
crux,A,10,0,30000,277.506,30.9540,phase1
crux,A,11,0,30000,283.775,30.2703,phase1
crux,A,12,0,30000,286.582,29.9737,phase1
crux,A,13,0,30000,283.070,30.3457,phase1
crux,A,14,0,30000,280.279,30.6478,phase1
crux,A,15,0,30000,285.094,30.1302,phase1
crux,A,16,0,30000,279.148,30.7719,phase1
crux,A,17,0,30000,279.404,30.7437,phase1
crux,A,18,0,30000,288.381,29.7868,phase1
crux,A,19,0,30000,290.461,29.5735,phase1
crux,A,20,1,30000,277.244,30.9833,phase1
crux,A,21,1,30000,283.545,30.2948,phase1
crux,A,22,1,30000,273.807,31.3722,phase1
crux,A,23,1,30000,284.509,30.1922,phase1
crux,A,24,1,30000,285.409,30.0969,phase1
crux,A,25,1,30000,285.131,30.1263,phase1
crux,A,26,1,30000,278.741,30.8169,phase1
crux,A,27,1,30000,273.951,31.3557,phase1
crux,A,28,1,30000,269.039,31.9282,phase1
crux,A,29,1,30000,280.172,30.6595,phase1
crux,A,30,1,30000,279.903,30.6889,phase1
crux,A,31,1,30000,287.137,29.9158,phase1
crux,A,32,1,30000,283.990,30.2473,phase1
crux,A,33,1,30000,285.237,30.1151,phase1
crux,A,34,1,30000,280.623,30.6102,phase1
crux,A,35,1,30000,277.050,31.0050,phase1
crux,A,36,1,30000,281.169,30.5508,phase1
crux,A,37,1,30000,306.993,27.9809,phase1
crux,A,38,1,30000,441.055,19.4759,phase1
crux,A,39,1,30000,412.428,20.8277,phase1
crux,A,40,2,30000,410.848,20.9078,phase1
crux,A,41,2,30000,443.789,19.3559,phase1
crux,A,42,2,30000,411.073,20.8964,phase1
crux,A,43,2,30000,419.282,20.4872,phase1
crux,A,44,2,30000,431.828,19.8920,phase1
crux,A,45,2,30000,401.868,21.3750,phase1
crux,A,46,2,30000,405.967,21.1592,phase1
crux,A,47,2,30000,418.992,20.5014,phase1
crux,A,48,2,30000,400.860,21.4288,phase1
crux,A,49,2,30000,428.691,20.0376,phase1
crux,A,50,2,30000,432.140,19.8776,phase1
crux,A,51,2,30000,415.387,20.6794,phase1
crux,A,52,2,30000,415.662,20.6657,phase1
crux,A,53,2,30000,413.377,20.7799,phase1
crux,A,54,2,30000,427.428,20.0968,phase1
crux,A,55,2,30000,431.358,19.9137,phase1
crux,A,56,2,30000,415.438,20.6768,phase1
crux,A,57,2,30000,422.317,20.3400,phase1
crux,A,58,2,30000,406.047,21.1550,phase1
crux,A,59,2,30000,449.296,19.1186,phase1
crux,A,60,3,30000,427.028,20.1156,phase1
crux,A,61,3,30000,415.339,20.6817,phase1
crux,A,62,3,30000,436.213,19.6921,phase1
crux,A,63,3,30000,418.307,20.5350,phase1
crux,A,64,3,30000,434.070,19.7893,phase1
crux,A,65,3,30000,427.570,20.0901,phase1
crux,A,66,3,30000,409.278,20.9880,phase1
crux,A,67,3,30000,444.263,19.3353,phase1
crux,A,68,3,30000,440.023,19.5215,phase1
crux,A,69,3,30000,422.585,20.3271,phase1
crux,A,70,3,30000,409.972,20.9525,phase1
crux,A,71,3,30000,429.696,19.9907,phase1
crux,A,72,3,30000,422.585,20.3271,phase1
crux,A,73,3,30000,439.903,19.5269,phase1
crux,A,74,3,30000,414.661,20.7156,phase1
crux,A,75,3,30000,428.088,20.0658,phase1
crux,A,76,3,30000,419.008,20.5007,phase1
crux,A,77,3,30000,419.580,20.4727,phase1
crux,A,78,3,30000,402.223,21.3562,phase1
crux,A,79,3,30000,431.965,19.8857,phase1
crux,A,80,4,30000,424.604,20.2305,phase1
crux,A,81,4,30000,433.293,19.8248,phase1
crux,A,82,4,30000,431.482,19.9080,phase1
crux,A,83,4,30000,435.329,19.7321,phase1
crux,A,84,4,30000,414.267,20.7352,phase1
crux,A,85,4,30000,439.638,19.5386,phase1
crux,A,86,4,30000,410.246,20.9385,phase1
crux,A,87,4,30000,436.840,19.6638,phase1
crux,A,88,4,30000,419.384,20.4822,phase1
crux,A,89,4,30000,418.290,20.5358,phase1
crux,A,90,4,30000,419.461,20.4785,phase1
crux,A,91,4,30000,433.723,19.8051,phase1
crux,A,92,4,30000,418.422,20.5294,phase1
crux,A,93,4,30000,410.562,20.9224,phase1
crux,A,94,4,30000,414.254,20.7359,phase1
crux,A,95,4,30000,410.104,20.9457,phase1
crux,A,96,4,30000,418.872,20.5073,phase1
crux,A,97,4,30000,420.554,20.4253,phase1
crux,A,98,4,30000,427.445,20.0960,phase1
crux,A,99,4,30000,430.878,19.9359,phase1
crux,A,100,5,30000,435.957,19.7036,phase1
crux,A,101,5,30000,424.180,20.2507,phase1
crux,A,102,5,30000,423.859,20.2660,phase1
crux,A,103,5,30000,421.626,20.3733,phase1
crux,A,104,5,30000,424.126,20.2533,phase1
crux,A,105,5,30000,422.109,20.3501,phase1
crux,A,106,5,30000,418.768,20.5124,phase1
crux,A,107,5,30000,432.335,19.8687,phase1
crux,A,108,5,30000,423.675,20.2748,phase1
crux,A,109,5,30000,423.758,20.2709,phase1
crux,A,110,5,30000,427.532,20.0919,phase1
crux,A,111,5,30000,419.961,20.4541,phase1
crux,A,112,5,30000,427.097,20.1124,phase1
crux,A,113,5,30000,419.194,20.4916,phase1
crux,A,114,5,30000,411.108,20.8946,phase1
crux,A,115,5,30000,439.615,19.5397,phase1
crux,A,116,5,30000,414.372,20.7300,phase1
crux,A,117,5,30000,411.669,20.8661,phase1
crux,A,118,5,30000,419.442,20.4794,phase1
crux,A,119,5,30000,424.842,20.2191,phase1
crux,A,120,6,30000,428.650,20.0395,phase1
crux,A,121,6,30000,418.300,20.5353,phase1
crux,A,122,6,30000,428.196,20.0608,phase1
crux,A,123,6,30000,440.518,19.4996,phase1
crux,A,124,6,30000,426.615,20.1351,phase1
crux,A,125,6,30000,413.705,20.7634,phase1
crux,A,126,6,30000,427.935,20.0730,phase1
crux,A,127,6,30000,444.377,19.3303,phase1
crux,A,128,6,30000,409.626,20.9702,phase1
crux,A,129,6,30000,429.593,19.9955,phase1
crux,A,130,6,30000,422.418,20.3351,phase1
crux,A,131,6,30000,431.450,19.9095,phase1
crux,A,132,6,30000,416.314,20.6333,phase1
crux,A,133,6,30000,419.549,20.4742,phase1
crux,A,134,6,30000,401.520,21.3935,phase1
crux,A,135,6,30000,418.387,20.5311,phase1
crux,A,136,6,30000,410.532,20.9239,phase1
crux,A,137,6,30000,392.426,21.8893,phase1
crux,A,138,6,30000,417.343,20.5824,phase1
crux,A,139,6,30000,424.968,20.2131,phase1
crux,A,140,7,80000,443.988,19.3472,phase2
crux,A,141,7,80000,424.285,20.2457,phase2
crux,A,142,7,80000,410.893,20.9055,phase2
crux,A,143,7,80000,432.251,19.8726,phase2
crux,A,144,7,80000,433.286,19.8251,phase2
crux,A,145,7,80000,436.156,19.6946,phase2
crux,A,146,7,80000,410.492,20.9259,phase2
crux,A,147,7,80000,444.395,19.3295,phase2
crux,A,148,7,80000,434.041,19.7906,phase2
crux,A,149,7,80000,440.173,19.5149,phase2
crux,A,150,7,80000,422.775,20.3180,phase2
crux,A,151,7,80000,436.444,19.6816,phase2
crux,A,152,7,80000,410.937,20.9033,phase2
crux,A,153,7,80000,413.877,20.7548,phase2
crux,A,154,7,80000,427.097,20.1124,phase2
crux,A,155,7,80000,436.757,19.6675,phase2
crux,A,156,7,80000,431.790,19.8938,phase2
crux,A,157,7,80000,427.234,20.1059,phase2
crux,A,158,7,80000,433.292,19.8248,phase2
crux,A,159,7,80000,419.554,20.4740,phase2
crux,A,160,8,80000,418.450,20.5280,phase2
crux,A,161,8,80000,429.630,19.9938,phase2
crux,A,162,8,80000,419.004,20.5009,phase2
crux,A,163,8,80000,439.724,19.5348,phase2
crux,A,164,8,80000,420.268,20.4392,phase2
crux,A,165,8,80000,418.604,20.5204,phase2
crux,A,166,8,80000,401.311,21.4047,phase2
crux,A,167,8,80000,410.809,20.9098,phase2
crux,A,168,8,80000,432.277,19.8713,phase2
crux,A,169,8,80000,431.575,19.9037,phase2
crux,A,170,8,80000,436.767,19.6671,phase2
crux,A,171,8,80000,423.651,20.2760,phase2
crux,A,172,8,80000,423.632,20.2769,phase2
crux,A,173,8,80000,426.874,20.1229,phase2
crux,A,174,8,80000,426.983,20.1177,phase2
crux,A,175,8,80000,413.524,20.7725,phase2
crux,A,176,8,80000,423.787,20.2695,phase2
crux,A,177,8,80000,406.606,21.1259,phase2
crux,A,178,8,80000,409.551,20.9740,phase2
crux,A,179,8,80000,440.982,19.4791,phase2
crux,A,180,9,80000,418.710,20.5152,phase2
crux,A,181,9,80000,423.425,20.2868,phase2
crux,A,182,9,80000,419.584,20.4725,phase2
crux,A,183,9,80000,424.458,20.2374,phase2
crux,A,184,9,80000,415.026,20.6974,phase2
crux,A,185,9,80000,419.551,20.4741,phase2
crux,A,186,9,80000,429.672,19.9918,phase2
crux,A,187,9,80000,424.170,20.2512,phase2
crux,A,188,9,80000,418.083,20.5460,phase2
crux,A,189,9,80000,440.076,19.5192,phase2
crux,A,190,9,80000,399.903,21.4801,phase2
crux,A,191,9,80000,399.251,21.5151,phase2
crux,A,192,9,80000,406.351,21.1392,phase2
crux,A,193,9,80000,423.657,20.2757,phase2
crux,A,194,9,80000,428.320,20.0549,phase2
crux,A,195,9,80000,427.747,20.0818,phase2
crux,A,196,9,80000,421.165,20.3956,phase2
crux,A,197,9,80000,415.139,20.6917,phase2
crux,A,198,9,80000,431.045,19.9282,phase2
crux,A,199,9,80000,424.600,20.2307,phase2
crux,A,200,10,80000,424.832,20.2196,phase2
crux,A,201,10,80000,422.999,20.3072,phase2
crux,A,202,10,80000,431.731,19.8965,phase2
crux,A,203,10,80000,420.560,20.4250,phase2
crux,A,204,10,80000,406.436,21.1348,phase2
crux,A,205,10,80000,428.124,20.0641,phase2
crux,A,206,10,80000,437.103,19.6520,phase2
crux,A,207,10,80000,406.213,21.1464,phase2
crux,A,208,10,80000,413.809,20.7582,phase2
crux,A,209,10,80000,418.600,20.5206,phase2
crux,A,210,10,80000,416.016,20.6481,phase2
crux,A,211,10,80000,427.429,20.0968,phase2
crux,A,212,10,80000,414.551,20.7211,phase2
crux,A,213,10,80000,440.473,19.5016,phase2
crux,A,214,10,80000,402.425,21.3454,phase2
crux,A,215,10,80000,416.202,20.6388,phase2
crux,A,216,10,80000,466.059,18.4310,phase2
crux,A,217,10,80000,429.419,20.0036,phase2
crux,A,218,10,80000,430.905,19.9347,phase2
crux,A,219,10,80000,424.007,20.2589,phase2
crux,A,220,11,80000,412.368,20.8308,phase2
crux,A,221,11,80000,437.056,19.6541,phase2
crux,A,222,11,80000,406.501,21.1314,phase2
crux,A,223,11,80000,420.744,20.4161,phase2
crux,A,224,11,80000,428.332,20.0544,phase2
crux,A,225,11,80000,415.492,20.6741,phase2
crux,A,226,11,80000,418.940,20.5040,phase2
crux,A,227,11,80000,409.974,20.9524,phase2
crux,A,228,11,80000,423.949,20.2617,phase2
crux,A,229,11,80000,424.373,20.2415,phase2
crux,A,230,11,80000,435.626,19.7186,phase2
crux,A,231,11,80000,441.520,19.4554,phase2
crux,A,232,11,80000,431.526,19.9060,phase2
crux,A,233,11,80000,414.983,20.6995,phase2
crux,A,234,11,80000,422.740,20.3197,phase2
crux,A,235,11,80000,422.526,20.3299,phase2
crux,A,236,11,80000,453.483,18.9422,phase2
crux,A,237,11,80000,444.039,19.3450,phase2
crux,A,238,11,80000,428.675,20.0383,phase2
crux,A,239,11,80000,418.984,20.5018,phase2
crux,A,240,12,80000,418.606,20.5203,phase2
crux,A,241,12,80000,431.266,19.9179,phase2
crux,A,242,12,80000,415.075,20.6949,phase2
crux,A,243,12,80000,430.176,19.9684,phase2
crux,A,244,12,80000,435.812,19.7102,phase2
crux,A,245,12,80000,414.491,20.7240,phase2
crux,A,246,12,80000,428.533,20.0450,phase2
crux,A,247,12,80000,422.182,20.3465,phase2
crux,A,248,12,80000,424.149,20.2522,phase2
crux,A,249,12,80000,419.557,20.4738,phase2
crux,A,250,12,80000,413.609,20.7683,phase2
crux,A,251,12,80000,418.909,20.5055,phase2
crux,A,252,12,80000,422.653,20.3239,phase2
crux,A,253,12,80000,435.219,19.7371,phase2
crux,A,254,12,80000,414.607,20.7183,phase2
crux,A,255,12,80000,440.840,19.4854,phase2
crux,A,256,12,80000,433.124,19.8325,phase2
crux,A,257,12,80000,406.617,21.1254,phase2
crux,A,258,12,80000,428.487,20.0471,phase2
crux,A,259,12,80000,431.438,19.9100,phase2
crux,A,260,13,80000,405.331,21.1924,phase2
crux,A,261,13,80000,423.063,20.3042,phase2
crux,A,262,13,80000,431.382,19.9126,phase2
crux,A,263,13,80000,410.547,20.9231,phase2
crux,A,264,13,80000,394.958,21.7490,phase2
crux,A,265,13,80000,410.393,20.9310,phase2
crux,A,266,13,80000,427.514,20.0928,phase2
crux,A,267,13,80000,436.175,19.6938,phase2
crux,A,268,13,80000,440.089,19.5186,phase2
crux,A,269,13,80000,405.269,21.1957,phase2
crux,A,270,13,80000,432.204,19.8747,phase2
crux,A,271,13,80000,423.831,20.2674,phase2
crux,A,272,13,80000,419.308,20.4860,phase2
crux,A,273,13,80000,411.023,20.8989,phase2
crux,A,274,13,80000,428.431,20.0497,phase2
crux,A,275,13,80000,431.353,19.9140,phase2
crux,A,276,13,80000,440.843,19.4853,phase2
crux,A,277,13,80000,415.964,20.6507,phase2
crux,A,278,13,80000,428.362,20.0530,phase2
crux,A,279,13,80000,430.797,19.9397,phase2
crux,A,280,14,80000,436.364,19.6853,phase2
crux,A,281,14,80000,414.038,20.7467,phase2
crux,A,282,14,80000,409.965,20.9529,phase2
crux,A,283,14,80000,432.667,19.8535,phase2
crux,A,284,14,80000,427.944,20.0726,phase2
crux,A,285,14,80000,409.127,20.9958,phase2
crux,A,286,14,80000,415.428,20.6773,phase2
crux,A,287,14,80000,422.824,20.3156,phase2
crux,A,288,14,80000,422.966,20.3088,phase2
crux,A,289,14,80000,419.831,20.4605,phase2
crux,A,290,14,80000,405.332,21.1923,phase2
crux,A,291,14,80000,410.991,20.9005,phase2
crux,A,292,14,80000,419.747,20.4645,phase2
crux,A,293,14,80000,408.046,21.0514,phase2
crux,A,294,14,80000,401.671,21.3855,phase2
crux,A,295,14,80000,422.738,20.3198,phase2
crux,A,296,14,80000,446.315,19.2464,phase2
crux,A,297,14,80000,414.576,20.7198,phase2
crux,A,298,14,80000,423.145,20.3002,phase2
crux,A,299,14,80000,411.852,20.8568,phase2
crux,B,0,0,80000,711.674,12.0700,phase1
crux,B,1,0,80000,628.103,13.6760,phase1
crux,B,2,0,80000,618.575,13.8866,phase1
crux,B,3,0,80000,615.596,13.9538,phase1
crux,B,4,0,80000,592.502,14.4977,phase1
crux,B,5,0,80000,618.406,13.8904,phase1
crux,B,6,0,80000,619.199,13.8726,phase1
crux,B,7,0,80000,652.718,13.1603,phase1
crux,B,8,0,80000,599.054,14.3392,phase1
crux,B,9,0,80000,626.470,13.7116,phase1
crux,B,10,0,80000,602.358,14.2605,phase1
crux,B,11,0,80000,625.960,13.7228,phase1
crux,B,12,0,80000,588.513,14.5960,phase1
crux,B,13,0,80000,631.372,13.6052,phase1
crux,B,14,0,80000,622.546,13.7981,phase1
crux,B,15,0,80000,593.376,14.4764,phase1
crux,B,16,0,80000,613.897,13.9925,phase1
crux,B,17,0,80000,601.868,14.2721,phase1
crux,B,18,0,80000,602.144,14.2656,phase1
crux,B,19,0,80000,613.206,14.0082,phase1
crux,B,20,1,80000,609.482,14.0938,phase1
crux,B,21,1,80000,634.631,13.5353,phase1
crux,B,22,1,80000,610.964,14.0596,phase1
crux,B,23,1,80000,627.358,13.6922,phase1
crux,B,24,1,80000,623.474,13.7775,phase1
crux,B,25,1,80000,622.434,13.8006,phase1
crux,B,26,1,80000,636.698,13.4914,phase1
crux,B,27,1,80000,628.047,13.6772,phase1
crux,B,28,1,80000,602.543,14.2561,phase1
crux,B,29,1,80000,592.567,14.4961,phase1
crux,B,30,1,80000,640.917,13.4026,phase1
crux,B,31,1,80000,617.720,13.9059,phase1
crux,B,32,1,80000,626.349,13.7143,phase1
crux,B,33,1,80000,605.444,14.1878,phase1
crux,B,34,1,80000,611.345,14.0509,phase1
crux,B,35,1,80000,609.523,14.0929,phase1
crux,B,36,1,80000,631.992,13.5919,phase1
crux,B,37,1,80000,576.739,14.8940,phase1
crux,B,38,1,80000,605.282,14.1916,phase1
crux,B,39,1,80000,619.433,13.8674,phase1
crux,B,40,2,80000,610.356,14.0736,phase1
crux,B,41,2,80000,618.483,13.8887,phase1
crux,B,42,2,80000,626.455,13.7120,phase1
crux,B,43,2,80000,617.460,13.9117,phase1
crux,B,44,2,80000,622.955,13.7890,phase1
crux,B,45,2,80000,615.638,13.9529,phase1
crux,B,46,2,80000,605.506,14.1864,phase1
crux,B,47,2,80000,622.568,13.7976,phase1
crux,B,48,2,80000,601.880,14.2718,phase1
crux,B,49,2,80000,618.754,13.8826,phase1
crux,B,50,2,80000,589.047,14.5828,phase1
crux,B,51,2,80000,606.073,14.1731,phase1
crux,B,52,2,80000,600.520,14.3042,phase1
crux,B,53,2,80000,614.561,13.9773,phase1
crux,B,54,2,80000,619.334,13.8696,phase1
crux,B,55,2,80000,615.819,13.9488,phase1
crux,B,56,2,80000,623.747,13.7715,phase1
crux,B,57,2,80000,606.468,14.1639,phase1
crux,B,58,2,80000,636.108,13.5039,phase1
crux,B,59,2,80000,604.677,14.2058,phase1
crux,B,60,3,80000,626.361,13.7140,phase1
crux,B,61,3,80000,622.781,13.7929,phase1
crux,B,62,3,80000,632.274,13.5858,phase1
crux,B,63,3,80000,601.501,14.2808,phase1
crux,B,64,3,80000,640.223,13.4171,phase1
crux,B,65,3,80000,624.654,13.7515,phase1
crux,B,66,3,80000,597.092,14.3863,phase1
crux,B,67,3,80000,595.721,14.4194,phase1
crux,B,68,3,80000,634.050,13.5477,phase1
crux,B,69,3,80000,636.724,13.4908,phase1
crux,B,70,3,80000,594.184,14.4567,phase1
crux,B,71,3,80000,631.569,13.6009,phase1
crux,B,72,3,80000,624.969,13.7446,phase1
crux,B,73,3,80000,645.101,13.3156,phase1
crux,B,74,3,80000,609.792,14.0867,phase1
crux,B,75,3,80000,623.752,13.7714,phase1
crux,B,76,3,80000,610.801,14.0634,phase1
crux,B,77,3,80000,622.830,13.7918,phase1
crux,B,78,3,80000,623.596,13.7748,phase1
crux,B,79,3,80000,639.676,13.4286,phase1
crux,B,80,4,80000,631.168,13.6096,phase1
crux,B,81,4,80000,619.423,13.8676,phase1
crux,B,82,4,80000,627.310,13.6933,phase1
crux,B,83,4,80000,620.304,13.8479,phase1
crux,B,84,4,80000,602.075,14.2672,phase1
crux,B,85,4,80000,631.094,13.6112,phase1
crux,B,86,4,80000,606.930,14.1531,phase1
crux,B,87,4,80000,588.230,14.6030,phase1
crux,B,88,4,80000,619.412,13.8679,phase1
crux,B,89,4,80000,635.926,13.5078,phase1
crux,B,90,4,80000,592.596,14.4954,phase1
crux,B,91,4,80000,627.073,13.6985,phase1
crux,B,92,4,80000,637.600,13.4723,phase1
crux,B,93,4,80000,617.338,13.9145,phase1
crux,B,94,4,80000,611.071,14.0572,phase1
crux,B,95,4,80000,627.524,13.6886,phase1
crux,B,96,4,80000,615.102,13.9651,phase1
crux,B,97,4,80000,601.418,14.2828,phase1
crux,B,98,4,80000,613.664,13.9978,phase1
crux,B,99,4,80000,595.418,14.4267,phase1
crux,B,100,5,80000,640.196,13.4177,phase1
crux,B,101,5,80000,594.728,14.4435,phase1
crux,B,102,5,80000,618.678,13.8843,phase1
crux,B,103,5,80000,593.702,14.4684,phase1
crux,B,104,5,80000,610.387,14.0729,phase1
crux,B,105,5,80000,589.826,14.5635,phase1
crux,B,106,5,80000,621.796,13.8147,phase1
crux,B,107,5,80000,609.476,14.0940,phase1
crux,B,108,5,80000,594.638,14.4457,phase1
crux,B,109,5,80000,602.010,14.2688,phase1
crux,B,110,5,80000,585.770,14.6644,phase1
crux,B,111,5,80000,622.681,13.7951,phase1
crux,B,112,5,80000,606.362,14.1663,phase1
crux,B,113,5,80000,620.571,13.8420,phase1
crux,B,114,5,80000,609.257,14.0990,phase1
crux,B,115,5,80000,599.278,14.3338,phase1
crux,B,116,5,80000,597.055,14.3872,phase1
crux,B,117,5,80000,618.658,13.8848,phase1
crux,B,118,5,80000,614.932,13.9689,phase1
crux,B,119,5,80000,627.888,13.6807,phase1
crux,B,120,6,80000,626.671,13.7072,phase1
crux,B,121,6,80000,638.293,13.4577,phase1
crux,B,122,6,80000,618.445,13.8896,phase1
crux,B,123,6,80000,626.490,13.7112,phase1
crux,B,124,6,80000,633.985,13.5491,phase1
crux,B,125,6,80000,614.879,13.9701,phase1
crux,B,126,6,80000,616.995,13.9222,phase1
crux,B,127,6,80000,627.752,13.6836,phase1
crux,B,128,6,80000,599.217,14.3353,phase1
crux,B,129,6,80000,635.971,13.5068,phase1
crux,B,130,6,80000,588.899,14.5864,phase1
crux,B,131,6,80000,619.801,13.8592,phase1
crux,B,132,6,80000,572.796,14.9965,phase1
crux,B,133,6,80000,617.447,13.9120,phase1
crux,B,134,6,80000,595.869,14.4158,phase1
crux,B,135,6,80000,619.286,13.8707,phase1
crux,B,136,6,80000,618.028,13.8989,phase1
crux,B,137,6,80000,583.430,14.7232,phase1
crux,B,138,6,80000,631.906,13.5937,phase1
crux,B,139,6,80000,596.184,14.4082,phase1
crux,B,140,7,30000,614.100,13.9878,phase2
crux,B,141,7,30000,607.142,14.1481,phase2
crux,B,142,7,30000,585.800,14.6636,phase2
crux,B,143,7,30000,621.912,13.8121,phase2
crux,B,144,7,30000,589.235,14.5781,phase2
crux,B,145,7,30000,654.389,13.1266,phase2
crux,B,146,7,30000,640.261,13.4163,phase2
crux,B,147,7,30000,621.833,13.8139,phase2
crux,B,148,7,30000,635.666,13.5133,phase2
crux,B,149,7,30000,626.995,13.7002,phase2
crux,B,150,7,30000,600.440,14.3061,phase2
crux,B,151,7,30000,616.573,13.9317,phase2
crux,B,152,7,30000,593.288,14.4785,phase2
crux,B,153,7,30000,635.559,13.5155,phase2
crux,B,154,7,30000,600.659,14.3009,phase2
crux,B,155,7,30000,611.643,14.0440,phase2
crux,B,156,7,30000,640.560,13.4100,phase2
crux,B,157,7,30000,619.219,13.8722,phase2
crux,B,158,7,30000,609.514,14.0931,phase2
crux,B,159,7,30000,596.649,14.3970,phase2
crux,B,160,8,30000,627.829,13.6820,phase2
crux,B,161,8,30000,622.160,13.8066,phase2
crux,B,162,8,30000,607.374,14.1428,phase2
crux,B,163,8,30000,614.551,13.9776,phase2
crux,B,164,8,30000,620.211,13.8500,phase2
crux,B,165,8,30000,618.624,13.8855,phase2
crux,B,166,8,30000,610.406,14.0725,phase2
crux,B,167,8,30000,618.076,13.8979,phase2
crux,B,168,8,30000,605.642,14.1832,phase2
crux,B,169,8,30000,649.829,13.2188,phase2
crux,B,170,8,30000,623.602,13.7747,phase2
crux,B,171,8,30000,613.132,14.0099,phase2
crux,B,172,8,30000,624.458,13.7558,phase2
crux,B,173,8,30000,643.473,13.3493,phase2
crux,B,174,8,30000,625.130,13.7410,phase2
crux,B,175,8,30000,623.347,13.7803,phase2
crux,B,176,8,30000,620.034,13.8540,phase2
crux,B,177,8,30000,593.509,14.4731,phase2
crux,B,178,8,30000,604.626,14.2070,phase2
crux,B,179,8,30000,620.125,13.8519,phase2
crux,B,180,9,30000,416.701,20.6142,phase2
crux,B,181,9,30000,284.880,30.1529,phase2
crux,B,182,9,30000,245.159,35.0382,phase2
crux,B,183,9,30000,253.391,33.8999,phase2
crux,B,184,9,30000,276.993,31.0114,phase2
crux,B,185,9,30000,285.772,30.0587,phase2
crux,B,186,9,30000,255.914,33.5658,phase2
crux,B,187,9,30000,252.166,34.0646,phase2
crux,B,188,9,30000,277.223,30.9857,phase2
crux,B,189,9,30000,262.770,32.6899,phase2
crux,B,190,9,30000,252.309,34.0453,phase2
crux,B,191,9,30000,254.923,33.6963,phase2
crux,B,192,9,30000,249.171,34.4740,phase2
crux,B,193,9,30000,269.197,31.9094,phase2
crux,B,194,9,30000,253.983,33.8209,phase2
crux,B,195,9,30000,253.564,33.8768,phase2
crux,B,196,9,30000,275.179,31.2158,phase2
crux,B,197,9,30000,256.161,33.5334,phase2
crux,B,198,9,30000,257.430,33.3680,phase2
crux,B,199,9,30000,274.355,31.3095,phase2
crux,B,200,10,30000,268.667,31.9725,phase2
crux,B,201,10,30000,265.706,32.3287,phase2
crux,B,202,10,30000,266.579,32.2228,phase2
crux,B,203,10,30000,277.383,30.9678,phase2
crux,B,204,10,30000,268.397,32.0046,phase2
crux,B,205,10,30000,260.998,32.9119,phase2
crux,B,206,10,30000,272.134,31.5651,phase2
crux,B,207,10,30000,256.314,33.5134,phase2
crux,B,208,10,30000,270.601,31.7439,phase2
crux,B,209,10,30000,270.499,31.7559,phase2
crux,B,210,10,30000,254.351,33.7719,phase2
crux,B,211,10,30000,258.645,33.2112,phase2
crux,B,212,10,30000,253.008,33.9512,phase2
crux,B,213,10,30000,257.102,33.4106,phase2
crux,B,214,10,30000,282.311,30.4272,phase2
crux,B,215,10,30000,271.924,31.5895,phase2
crux,B,216,10,30000,263.254,32.6298,phase2
crux,B,217,10,30000,261.781,32.8135,phase2
crux,B,218,10,30000,297.938,28.8313,phase2
crux,B,219,10,30000,253.988,33.8202,phase2
crux,B,220,11,30000,271.580,31.6294,phase2
crux,B,221,11,30000,260.490,32.9760,phase2
crux,B,222,11,30000,269.910,31.8252,phase2
crux,B,223,11,30000,281.559,30.5085,phase2
crux,B,224,11,30000,253.728,33.8548,phase2
crux,B,225,11,30000,252.183,34.0623,phase2
crux,B,226,11,30000,263.727,32.5713,phase2
crux,B,227,11,30000,292.319,29.3855,phase2
crux,B,228,11,30000,284.288,30.2157,phase2
crux,B,229,11,30000,281.648,30.4989,phase2
crux,B,230,11,30000,263.266,32.6284,phase2
crux,B,231,11,30000,283.069,30.3457,phase2
crux,B,232,11,30000,259.930,33.0471,phase2
crux,B,233,11,30000,256.140,33.5362,phase2
crux,B,234,11,30000,258.400,33.2427,phase2
crux,B,235,11,30000,266.368,32.2484,phase2
crux,B,236,11,30000,264.220,32.5105,phase2
crux,B,237,11,30000,266.440,32.2397,phase2
crux,B,238,11,30000,253.994,33.8194,phase2
crux,B,239,11,30000,288.643,29.7597,phase2
crux,B,240,12,30000,276.032,31.1193,phase2
crux,B,241,12,30000,258.391,33.2440,phase2
crux,B,242,12,30000,276.102,31.1115,phase2
crux,B,243,12,30000,277.809,30.9203,phase2
crux,B,244,12,30000,270.125,31.7998,phase2
crux,B,245,12,30000,264.038,32.5330,phase2
crux,B,246,12,30000,270.372,31.7707,phase2
crux,B,247,12,30000,282.105,30.4494,phase2
crux,B,248,12,30000,266.616,32.2183,phase2
crux,B,249,12,30000,255.935,33.5630,phase2
crux,B,250,12,30000,253.647,33.8658,phase2
crux,B,251,12,30000,288.428,29.7819,phase2
crux,B,252,12,30000,282.351,30.4229,phase2
crux,B,253,12,30000,259.207,33.1392,phase2
crux,B,254,12,30000,259.373,33.1180,phase2
crux,B,255,12,30000,278.395,30.8552,phase2
crux,B,256,12,30000,249.045,34.4916,phase2
crux,B,257,12,30000,256.545,33.4831,phase2
crux,B,258,12,30000,258.829,33.1877,phase2
crux,B,259,12,30000,256.081,33.5438,phase2
crux,B,260,13,30000,266.521,32.2299,phase2
crux,B,261,13,30000,250.487,34.2930,phase2
crux,B,262,13,30000,274.989,31.2374,phase2
crux,B,263,13,30000,273.092,31.4543,phase2
crux,B,264,13,30000,272.947,31.4711,phase2
crux,B,265,13,30000,285.339,30.1043,phase2
crux,B,266,13,30000,265.493,32.3546,phase2
crux,B,267,13,30000,263.914,32.5483,phase2
crux,B,268,13,30000,257.727,33.3296,phase2
crux,B,269,13,30000,260.136,33.0209,phase2
crux,B,270,13,30000,274.477,31.2957,phase2
crux,B,271,13,30000,248.473,34.5709,phase2
crux,B,272,13,30000,276.673,31.0473,phase2
crux,B,273,13,30000,260.166,33.0172,phase2
crux,B,274,13,30000,258.952,33.1720,phase2
crux,B,275,13,30000,267.822,32.0733,phase2
crux,B,276,13,30000,280.998,30.5694,phase2
crux,B,277,13,30000,257.955,33.3002,phase2
crux,B,278,13,30000,271.700,31.6155,phase2
crux,B,279,13,30000,280.912,30.5787,phase2
crux,B,280,14,30000,255.708,33.5927,phase2
crux,B,281,14,30000,263.567,32.5911,phase2
crux,B,282,14,30000,277.565,30.9475,phase2
crux,B,283,14,30000,270.539,31.7512,phase2
crux,B,284,14,30000,265.653,32.3352,phase2
crux,B,285,14,30000,252.105,34.0729,phase2
crux,B,286,14,30000,260.634,32.9579,phase2
crux,B,287,14,30000,266.696,32.2087,phase2
crux,B,288,14,30000,252.666,33.9972,phase2
crux,B,289,14,30000,280.404,30.6341,phase2
crux,B,290,14,30000,271.665,31.6196,phase2
crux,B,291,14,30000,266.326,32.2535,phase2
crux,B,292,14,30000,257.773,33.3236,phase2
crux,B,293,14,30000,265.620,32.3392,phase2
crux,B,294,14,30000,262.621,32.7085,phase2
crux,B,295,14,30000,263.739,32.5698,phase2
crux,B,296,14,30000,252.126,34.0701,phase2
crux,B,297,14,30000,255.857,33.5732,phase2
crux,B,298,14,30000,254.844,33.7066,phase2
crux,B,299,14,30000,260.985,32.9135,phase2
